activity_id,learner_id,content_id,watch_time,timestamp
1,1,10,59,2025-02-04 20:34:37
2,1,15,30,2024-06-25 10:45:12
3,1,14,14,2024-09-24 18:21:22
4,2,21,24,2024-09-05 20:07:37
5,2,4,34,2025-03-12 07:14:42
6,3,25,56,2025-02-18 11:18:02
7,3,22,21,2025-05-08 04:08:50
8,3,14,7,2024-07-18 01:36:00
9,4,8,53,2024-11-17 09:58:50
10,4,11,8,2024-06-27 04:42:37
11,4,33,2,2024-09-04 04:02:35
12,5,4,7,2024-12-17 21:20:18
13,6,1,6,2024-06-26 00:07:23
14,6,10,56,2024-08-27 22:28:42
15,6,33,6,2025-02-08 16:14:46
16,7,4,23,2025-01-01 08:20:29
17,7,8,12,2024-09-04 19:50:41
18,7,25,35,2025-01-17 12:52:36
19,8,5,3,2025-04-07 22:47:18
20,9,29,33,2024-06-18 16:28:54
21,9,9,80,2025-04-06 15:08:00
22,9,22,20,2025-02-26 07:14:15
23,10,1,19,2024-10-18 14:04:10
24,10,6,1,2024-08-12 02:24:40
25,10,27,7,2025-05-31 22:12:55
26,11,7,12,2024-10-17 06:01:20
27,11,4,3,2024-07-20 04:30:11
28,11,28,5,2024-07-21 15:18:28
29,12,16,37,2025-04-21 20:26:50
30,13,4,41,2025-01-22 19:37:57
31,13,23,32,2025-04-07 02:36:28
32,14,7,25,2025-03-09 20:10:08
33,14,13,4,2024-12-29 03:57:43
34,15,14,5,2025-06-06 17:36:52
35,15,13,36,2024-11-01 13:39:24
36,15,1,21,2025-01-03 22:34:15
37,16,9,41,2025-04-15 05:52:39
38,16,20,40,2025-01-28 05:18:39
39,17,30,28,2025-04-27 01:01:52
40,17,32,5,2025-01-13 04:26:44
41,17,29,30,2025-02-28 15:37:22
42,18,27,6,2024-07-03 01:12:02
43,18,34,1,2024-09-07 13:13:00
44,18,18,11,2024-09-30 00:13:14
45,19,5,2,2024-07-15 10:57:09
46,19,23,24,2024-09-09 08:06:15
47,19,8,33,2024-07-23 04:52:10
48,20,35,92,2024-09-25 20:09:54
49,20,30,12,2025-02-03 11:46:21
50,21,34,2,2024-10-27 13:32:47
51,21,24,18,2024-10-29 12:25:58
52,22,35,35,2024-08-31 20:00:13
53,22,11,3,2024-09-21 19:46:43
54,22,2,4,2025-05-24 10:00:16
55,23,10,4,2025-02-08 00:02:16
56,23,31,8,2025-01-24 19:00:41
57,24,6,5,2024-08-17 19:40:32
58,24,28,2,2025-03-09 14:51:56
59,24,30,5,2024-08-14 23:51:44
60,25,9,48,2024-11-01 21:43:50
61,26,26,29,2025-06-12 17:26:22
62,26,15,11,2025-02-05 01:35:58
63,26,12,18,2025-01-05 17:36:11
64,27,15,3,2025-02-21 08:40:46
65,27,22,18,2025-04-20 03:45:10
66,27,25,45,2025-03-26 17:44:39
67,28,26,2,2024-09-07 23:17:44
68,29,26,5,2024-06-28 00:53:53
69,29,13,28,2024-10-09 12:42:03
70,29,10,18,2024-09-22 02:28:03
71,30,25,51,2024-09-01 08:56:24
72,30,3,5,2025-05-26 16:50:07
73,31,3,1,2025-05-02 09:32:36
74,31,2,26,2024-10-09 05:54:21
75,31,18,7,2025-02-10 16:55:59
76,32,33,3,2024-11-07 19:31:46
77,33,14,16,2025-05-16 08:13:11
78,33,17,33,2024-11-30 21:42:01
79,34,5,5,2024-09-21 01:23:28
80,34,21,49,2024-09-14 09:23:34
81,34,22,16,2025-01-07 08:20:01
82,35,28,8,2024-09-20 06:38:42
83,36,24,17,2025-01-15 19:51:20
84,37,14,19,2025-05-10 05:36:54
85,37,7,53,2024-11-09 04:33:51
86,37,3,8,2024-09-04 10:01:42
87,38,34,3,2025-06-15 15:41:25
88,38,2,49,2024-12-19 09:54:01
89,39,14,21,2024-07-19 12:24:19
90,39,23,3,2024-07-03 12:31:34
91,39,32,13,2024-07-26 08:40:23
92,40,2,35,2025-01-31 11:33:24
93,40,27,1,2025-04-01 14:41:34
94,41,31,14,2024-11-17 12:04:05
95,42,19,5,2024-07-09 12:23:02
96,42,16,32,2024-11-02 16:41:54
97,42,34,5,2025-06-15 03:16:34
98,43,3,2,2024-12-26 13:36:16
99,43,34,1,2025-06-05 23:45:18
100,43,18,11,2025-04-26 16:54:12
101,44,8,68,2024-06-20 12:09:18
102,44,4,10,2025-03-06 13:11:23
103,45,11,6,2025-02-20 07:13:29
104,46,5,5,2024-12-29 10:28:05
105,47,19,11,2024-09-21 18:26:27
106,47,4,12,2025-02-05 10:01:57
107,47,18,8,2024-07-27 01:21:17
108,48,20,13,2024-11-22 02:33:47
109,49,27,1,2024-11-29 00:44:54
110,49,21,59,2025-05-30 16:26:12
111,50,5,1,2025-05-02 05:01:55
112,50,15,11,2024-09-20 12:19:13
113,51,12,12,2024-12-16 03:31:58
114,52,5,5,2024-08-20 13:32:05
115,53,33,7,2025-05-15 15:23:30
116,53,13,37,2025-04-30 06:16:19
117,53,19,34,2024-10-03 07:36:38
118,54,34,1,2025-02-04 16:23:35
119,54,20,10,2025-01-24 17:36:07
120,55,18,14,2024-08-11 03:16:03
121,56,1,10,2025-03-21 19:30:07
122,56,13,14,2024-12-30 07:34:56
123,56,17,45,2025-03-27 16:46:05
124,57,34,1,2024-12-27 00:28:05
125,58,9,34,2024-06-16 12:31:42
126,58,24,43,2024-10-12 16:59:22
127,58,5,5,2024-06-23 10:14:37
128,59,22,2,2025-05-21 15:46:14
129,59,19,23,2025-05-03 06:10:49
130,59,1,18,2025-04-16 01:41:44
131,60,27,6,2024-10-06 15:06:37
132,60,11,8,2024-07-07 11:16:24
133,61,23,8,2025-05-02 23:56:12
134,61,3,6,2025-05-28 04:14:48
135,62,19,31,2024-07-17 14:19:58
136,62,15,24,2024-12-10 19:35:27
137,63,17,41,2024-07-11 14:12:56
138,63,25,55,2025-03-21 02:46:16
139,64,26,1,2025-03-23 00:38:09
140,64,7,49,2024-08-02 04:57:50
141,64,34,2,2024-12-06 21:43:35
142,65,11,4,2025-01-03 02:57:41
143,65,32,3,2024-09-21 02:56:17
144,65,18,17,2025-04-30 23:03:14
145,66,28,9,2024-11-17 20:38:27
146,66,34,2,2024-09-01 16:05:15
147,67,10,75,2024-12-30 06:51:19
148,67,12,12,2025-03-09 21:54:57
149,68,30,28,2024-08-28 18:45:26
150,68,21,5,2024-10-08 03:56:43
151,68,19,30,2025-06-14 18:45:20
152,69,17,61,2025-02-08 16:11:25
153,69,24,10,2024-11-23 07:47:43
154,69,35,6,2024-12-22 08:27:39
155,70,18,5,2024-07-30 12:12:32
156,70,4,6,2024-09-06 09:09:29
157,71,19,13,2024-10-17 19:05:31
158,72,4,24,2025-01-17 04:29:17
159,72,31,28,2024-09-08 08:38:44
160,72,16,19,2024-09-04 17:53:16
161,73,20,78,2024-07-12 05:49:25
162,74,20,64,2025-02-01 19:36:44
163,75,5,1,2024-09-07 22:21:50
164,75,2,35,2025-05-13 00:12:35
165,76,3,2,2025-04-26 06:52:22
166,76,26,6,2024-07-12 04:38:01
167,76,19,30,2024-09-11 05:48:24
168,77,13,27,2025-02-15 15:36:50
169,77,3,10,2024-09-02 13:27:49
170,77,21,21,2024-08-03 15:19:45
171,78,13,30,2025-05-24 00:00:30
172,78,25,23,2025-01-10 21:08:31
173,79,26,11,2024-12-05 22:50:09
174,80,15,35,2025-03-29 21:18:03
175,80,35,84,2025-04-07 05:50:24
176,81,21,54,2024-08-24 20:36:10
177,82,28,6,2024-07-21 17:11:15
178,82,10,62,2024-11-20 18:00:23
179,83,18,14,2024-11-18 00:30:13
180,84,11,14,2024-12-03 21:20:29
181,84,15,29,2025-03-09 14:25:09
182,84,19,12,2025-02-17 06:04:02
183,85,3,6,2025-06-10 18:28:16
184,85,1,6,2024-07-22 06:13:21
185,85,30,8,2024-11-10 08:47:48
186,86,13,1,2024-10-18 05:45:37
187,86,34,4,2025-04-27 00:43:47
188,86,21,46,2024-09-15 03:10:37
189,87,17,34,2024-08-24 18:50:27
190,87,15,21,2024-11-27 03:57:14
191,88,23,30,2024-11-17 09:37:42
192,89,17,37,2024-09-26 01:10:30
193,90,16,8,2024-09-15 13:15:31
194,91,18,12,2025-05-19 12:38:23
195,91,9,35,2024-11-25 03:53:34
196,92,11,21,2025-04-26 21:53:41
197,92,3,3,2025-01-03 07:32:05
198,92,6,5,2024-07-04 18:57:37
199,93,22,30,2025-06-16 06:59:08
200,94,17,19,2025-04-17 15:55:56
201,94,12,21,2025-06-05 05:30:14
202,95,13,2,2025-05-20 15:49:33
203,95,32,10,2025-04-22 06:58:42
204,95,7,63,2024-08-16 01:21:30
205,96,2,40,2024-12-10 16:31:43
206,96,4,18,2024-09-02 09:10:22
207,97,16,24,2024-11-09 18:56:17
208,97,20,73,2024-07-07 17:29:56
209,97,29,26,2024-11-01 17:30:09
210,98,31,14,2025-06-11 04:29:46
211,98,4,39,2024-09-21 04:13:17
212,99,27,4,2025-03-29 16:29:23
213,100,23,6,2024-11-29 12:00:33
214,100,27,6,2024-11-17 19:29:50
215,101,30,26,2025-05-31 23:07:55
216,101,20,31,2025-06-14 21:09:06
217,101,5,5,2025-01-05 07:14:49
218,102,20,23,2025-03-05 16:54:35
219,103,3,9,2024-08-11 20:25:37
220,104,26,25,2024-10-02 16:23:05
221,104,11,9,2025-06-05 02:59:20
222,104,31,34,2025-01-13 20:28:14
223,105,33,4,2024-12-31 08:16:05
224,106,26,5,2025-03-16 12:05:22
225,106,28,5,2024-07-07 04:36:44
226,106,6,2,2025-01-15 16:16:33
227,107,27,2,2024-12-16 23:22:51
228,107,20,13,2025-04-23 18:15:11
229,107,11,19,2024-08-12 19:31:58
230,108,29,61,2025-06-02 05:28:21
231,108,24,35,2024-07-15 13:45:11
232,108,7,43,2024-08-23 04:24:44
233,109,15,8,2025-01-19 15:27:00
234,110,30,14,2025-02-17 22:15:59
235,111,12,15,2024-09-10 05:15:22
236,111,33,13,2024-07-30 02:24:45
237,112,8,45,2025-05-07 11:33:36
238,112,19,32,2024-09-14 05:46:47
239,113,17,6,2025-01-19 10:55:38
240,113,28,3,2025-01-28 12:51:53
241,114,16,7,2024-11-16 10:20:24
242,114,17,15,2025-01-15 11:50:47
243,115,8,13,2024-12-24 06:06:11
244,115,31,33,2025-05-23 16:55:33
245,115,23,7,2024-08-29 22:00:08
246,116,35,25,2025-03-04 21:28:50
247,117,9,53,2024-09-11 11:46:44
248,117,10,25,2024-11-07 20:52:44
249,118,15,20,2025-02-16 15:23:26
250,118,24,20,2024-10-03 21:13:03
251,119,18,9,2024-10-09 19:02:55
252,119,29,39,2025-03-17 22:10:44
253,119,6,1,2024-07-12 19:24:38
254,120,33,19,2024-11-30 16:44:10
255,120,13,41,2025-06-15 23:43:38
256,121,16,13,2025-06-15 03:03:27
257,121,23,10,2024-07-13 01:42:04
258,122,30,27,2024-09-02 03:58:29
259,122,8,75,2024-09-21 04:11:54
260,122,16,13,2025-05-23 04:14:34
261,123,1,2,2025-05-04 00:57:33
262,123,4,36,2025-05-03 10:59:13
263,124,6,2,2024-10-29 06:42:03
264,124,29,58,2024-08-12 22:17:10
265,124,30,16,2025-04-16 19:55:24
266,125,6,2,2025-02-28 06:34:38
267,126,19,13,2025-01-25 17:20:08
268,126,29,45,2025-06-11 21:21:48
269,127,4,30,2025-02-10 04:06:53
270,127,1,26,2024-06-19 04:05:26
271,128,21,56,2025-04-10 18:03:14
272,129,12,6,2024-10-03 15:47:51
273,129,15,51,2025-02-13 14:37:17
274,129,1,18,2025-05-25 05:57:01
275,130,4,28,2024-08-04 08:40:44
276,130,8,15,2024-07-28 11:20:07
277,131,5,1,2024-07-25 09:46:01
278,132,31,12,2025-01-04 08:56:27
279,132,12,1,2024-09-23 18:51:15
280,133,15,50,2025-01-23 05:18:30
281,134,3,1,2025-03-05 09:55:53
282,134,28,8,2024-08-29 16:12:01
283,135,13,34,2025-02-02 23:05:34
284,135,15,1,2024-09-20 17:32:05
285,136,20,73,2024-12-11 17:52:05
286,137,28,4,2025-05-12 23:28:39
287,137,2,19,2025-04-21 08:15:26
288,138,21,38,2024-07-20 00:34:53
289,139,33,2,2024-11-18 00:28:43
290,139,31,25,2024-09-25 08:49:39
291,139,27,2,2024-06-17 14:35:45
292,140,12,7,2025-03-24 22:57:40
293,140,1,3,2025-02-04 00:17:53
294,140,14,16,2024-09-19 23:45:08
295,141,7,69,2025-03-14 00:58:03
296,141,32,7,2025-01-03 19:24:48
297,141,10,81,2024-11-19 12:30:58
298,142,35,54,2024-06-19 20:16:39
299,143,9,62,2024-07-13 19:05:05
300,143,33,8,2025-05-04 20:36:50
301,143,32,2,2025-05-12 11:08:10
302,144,21,47,2025-01-01 14:01:43
303,144,19,33,2025-04-17 03:22:29
304,144,30,5,2025-01-15 01:39:15
305,145,8,76,2024-08-09 09:40:11
306,146,18,9,2024-08-01 20:40:19
307,146,31,4,2024-10-06 21:38:02
308,146,35,1,2025-05-10 15:46:16
309,147,28,10,2025-04-03 02:07:56
310,148,32,13,2025-04-26 16:13:39
311,148,12,3,2025-05-10 15:16:22
312,149,22,12,2024-09-01 00:59:44
313,149,16,12,2024-09-15 10:49:59
314,150,9,1,2024-07-23 20:34:46
315,150,35,22,2025-03-28 05:49:37
316,150,13,22,2025-05-05 05:37:40
317,151,19,22,2024-11-11 17:43:19
318,152,16,32,2025-01-29 00:05:06
319,152,32,5,2024-08-11 18:17:33
320,152,14,5,2025-05-21 22:37:44
321,153,27,6,2025-04-28 02:26:28
322,153,7,27,2025-06-07 20:42:11
323,154,13,22,2025-04-08 10:32:44
324,154,3,6,2025-05-04 05:47:53
325,154,30,22,2024-06-25 08:47:11
326,155,4,29,2025-03-12 08:03:45
327,155,26,22,2024-10-15 15:22:24
328,156,14,15,2025-05-22 06:49:26
329,157,1,3,2025-04-05 07:42:57
330,157,9,11,2025-04-27 21:41:35
331,158,10,73,2025-04-08 10:20:57
332,158,28,6,2024-09-21 18:16:12
333,159,7,45,2025-03-30 21:27:04
334,159,4,16,2024-07-25 19:03:20
335,160,31,22,2025-04-30 20:43:11
336,160,34,1,2025-04-25 21:44:15
337,161,22,32,2024-09-05 13:18:57
338,161,19,1,2025-04-10 13:31:02
339,162,30,21,2024-12-01 10:25:22
340,163,30,11,2024-10-05 18:44:42
341,163,17,24,2025-04-02 19:19:22
342,164,7,33,2024-09-07 10:33:45
343,165,35,20,2024-06-24 22:57:07
344,166,33,3,2024-08-25 20:26:40
345,166,13,16,2024-10-14 04:58:50
346,166,26,23,2025-04-28 00:13:32
347,167,27,5,2025-06-04 11:01:59
348,167,10,37,2024-09-26 06:15:28
349,168,5,5,2025-02-05 14:35:24
350,168,19,15,2024-11-09 07:00:00
351,168,27,1,2025-06-09 16:02:16
352,169,8,72,2024-12-29 03:51:13
353,170,13,32,2025-05-25 08:38:33
354,171,12,10,2024-07-28 10:34:24
355,171,7,42,2025-06-05 17:48:50
356,172,22,31,2024-08-20 12:47:52
357,172,26,15,2025-06-02 20:51:36
358,172,31,25,2024-09-21 06:31:46
359,173,31,5,2024-07-25 21:44:45
360,173,3,3,2024-11-22 00:47:48
361,174,16,37,2025-03-09 09:45:59
362,174,33,15,2024-10-08 21:08:07
363,174,8,84,2025-01-23 17:23:47
364,175,11,27,2024-12-20 02:31:37
365,175,23,15,2024-11-04 00:02:45
366,176,17,58,2025-01-12 21:44:51
367,176,16,2,2024-09-17 08:21:05
368,177,35,20,2025-03-02 04:33:25
369,178,16,18,2024-06-16 22:20:26
370,178,7,4,2025-05-20 08:53:06
371,178,14,20,2024-12-29 23:27:22
372,179,21,42,2025-03-06 01:51:57
373,179,9,14,2025-03-14 07:16:17
374,180,32,12,2025-02-16 06:05:01
375,181,20,65,2024-10-27 08:11:35
376,182,14,8,2024-07-11 20:53:20
377,182,19,10,2025-02-13 22:03:48
378,183,16,25,2024-10-14 21:58:10
379,183,26,16,2024-10-08 23:13:28
380,183,31,32,2025-04-22 01:00:49
381,184,24,12,2025-03-06 04:42:30
382,185,15,26,2024-10-04 00:04:05
383,185,10,29,2024-10-07 06:37:49
384,185,35,18,2024-11-12 11:23:22
385,186,15,20,2024-11-10 06:51:37
386,186,17,20,2024-10-02 07:09:28
387,187,3,8,2024-08-01 19:17:22
388,187,33,1,2024-11-16 21:02:48
389,187,12,4,2025-05-25 18:31:03
390,188,35,57,2025-02-18 16:43:18
391,189,27,3,2025-05-12 01:17:31
392,189,11,28,2025-01-27 02:58:16
393,190,33,9,2024-10-04 05:34:10
394,190,34,2,2025-01-02 10:36:04
395,191,14,2,2024-06-16 11:04:25
396,191,23,15,2024-09-29 02:31:55
397,191,16,1,2024-11-20 07:48:41
398,192,31,2,2025-01-14 03:31:21
399,192,30,2,2025-02-10 10:30:27
400,193,27,5,2024-12-03 03:29:24
401,194,14,6,2024-11-24 19:22:55
402,194,30,26,2024-09-02 08:46:13
403,194,3,7,2024-12-06 03:21:06
404,195,12,4,2025-05-11 11:03:00
405,196,6,3,2025-04-03 01:16:38
406,196,4,24,2024-08-17 06:59:21
407,196,1,28,2024-07-17 06:48:45
408,197,16,27,2024-12-21 13:50:37
409,197,17,10,2025-02-02 11:43:22
410,198,6,3,2024-10-16 17:41:42
411,199,13,10,2025-04-11 05:37:08
412,200,32,12,2025-03-17 15:48:42
413,200,7,48,2025-02-17 01:04:50
414,201,9,18,2024-09-06 08:39:41
415,201,33,7,2024-08-28 01:02:25
416,201,21,55,2024-06-25 05:37:20
417,202,18,11,2024-09-13 17:44:46
418,202,27,7,2024-12-06 20:26:47
419,203,9,18,2025-04-22 16:06:43
420,204,25,30,2024-07-12 21:54:36
421,205,9,80,2024-11-14 16:24:20
422,205,15,9,2025-02-01 07:53:14
423,206,20,31,2024-08-26 07:53:16
424,207,26,9,2025-02-25 15:35:22
425,207,27,8,2024-12-13 21:06:24
426,207,28,7,2024-09-13 10:13:27
427,208,27,3,2025-02-10 22:21:44
428,208,16,19,2024-06-18 08:07:11
429,208,24,31,2025-03-17 14:17:22
430,209,17,61,2025-03-24 13:33:19
431,209,10,74,2024-07-25 05:50:02
432,210,4,30,2024-11-18 14:14:41
433,210,24,11,2024-08-19 13:17:44
434,210,17,10,2025-06-01 04:48:56
435,211,11,6,2024-12-22 11:48:30
436,211,2,3,2024-07-04 15:43:03
437,211,9,28,2024-09-15 07:55:39
438,212,18,14,2025-04-22 03:49:41
439,212,26,21,2024-11-30 00:45:00
440,213,4,37,2025-04-05 00:32:27
441,213,28,2,2025-02-15 03:20:29
442,214,33,4,2025-06-12 03:08:36
443,214,12,20,2025-01-19 19:06:26
444,215,15,8,2025-05-29 07:20:04
445,215,22,19,2025-05-07 21:32:27
446,216,9,21,2025-01-26 01:52:42
447,216,23,19,2025-03-06 00:29:53
448,216,10,75,2024-12-17 16:16:46
449,217,26,12,2025-04-15 16:05:07
450,217,19,32,2025-01-02 10:01:45
451,218,3,4,2025-05-10 00:13:34
452,219,35,83,2025-03-14 22:13:13
453,219,19,1,2024-12-06 16:23:50
454,219,14,6,2024-09-18 23:31:34
455,220,18,6,2024-09-14 14:45:34
456,220,8,10,2025-02-04 05:06:08
457,220,29,9,2025-03-23 00:27:15
458,221,24,34,2024-12-23 17:06:15
459,222,23,20,2025-01-31 05:26:29
460,223,5,5,2024-09-24 14:34:14
461,223,3,3,2024-07-14 14:42:56
462,224,23,19,2024-09-28 16:08:22
463,224,20,44,2024-09-23 13:18:16
464,224,12,2,2024-10-11 02:00:45
465,225,26,2,2024-12-30 14:21:36
466,225,23,10,2024-08-05 20:28:08
467,225,5,2,2024-09-08 18:41:52
468,226,13,20,2025-02-24 18:30:46
469,227,35,17,2025-03-01 07:48:57
470,228,22,12,2024-07-09 18:31:47
471,228,27,3,2024-11-12 04:26:00
472,229,22,28,2024-12-31 11:54:51
473,229,26,29,2024-11-15 04:05:32
474,230,28,8,2024-08-30 20:34:33
475,230,12,8,2024-11-16 18:23:33
476,230,15,14,2025-05-12 19:06:43
477,231,29,9,2025-01-15 15:24:54
478,231,28,10,2025-02-25 08:18:10
479,231,3,10,2025-04-25 05:25:21
480,232,30,3,2025-03-22 22:32:00
481,232,35,18,2024-11-02 05:50:38
482,233,29,58,2024-06-18 11:11:56
483,233,22,11,2024-10-22 18:56:54
484,234,35,41,2025-03-18 12:17:50
485,235,8,61,2025-04-24 00:38:06
486,235,12,4,2025-05-30 13:03:24
487,235,33,14,2024-11-16 08:33:18
488,236,8,25,2025-03-16 08:03:29
489,237,11,6,2025-01-01 18:46:48
490,237,17,57,2025-01-22 15:28:57
491,237,20,19,2024-09-04 20:42:16
492,238,6,2,2024-09-04 10:54:45
493,239,29,13,2024-11-22 11:56:55
494,239,22,33,2024-06-26 21:56:23
495,239,2,5,2024-10-17 01:56:46
496,240,27,8,2025-02-19 08:42:36
497,240,2,27,2024-11-10 23:39:29
498,241,21,1,2024-08-15 14:15:28
499,242,12,10,2024-12-04 00:32:42
500,242,13,32,2024-08-01 22:16:11
501,242,8,78,2025-01-29 14:04:13
502,243,14,4,2024-06-26 03:53:48
503,244,2,64,2024-11-07 05:24:08
504,245,4,41,2025-01-08 10:50:23
505,246,29,37,2024-06-26 05:05:07
506,246,6,1,2025-02-06 01:42:15
507,246,25,64,2024-08-04 21:01:27
508,247,11,14,2024-12-01 22:39:10
509,248,17,6,2024-07-04 16:17:53
510,248,21,56,2024-11-01 18:38:55
511,248,31,14,2024-09-01 14:52:42
512,249,26,9,2024-10-13 16:34:01
513,250,11,25,2025-03-21 08:16:19
514,250,1,20,2024-11-01 18:50:40
515,251,4,31,2025-03-17 23:27:10
516,251,16,20,2025-04-16 03:57:50
517,251,5,2,2024-09-16 10:52:01
518,252,24,2,2024-07-16 05:29:08
519,252,25,11,2024-06-23 09:25:28
520,253,13,8,2024-12-30 07:55:59
521,254,10,82,2025-06-16 12:28:02
522,254,1,30,2024-10-22 03:11:01
523,255,17,24,2025-02-08 18:31:20
524,255,1,16,2025-03-28 15:37:00
525,256,13,41,2025-02-09 08:38:24
526,256,10,18,2025-03-18 18:56:33
527,257,11,5,2025-05-29 03:35:01
528,257,35,67,2024-08-28 03:03:47
529,258,12,11,2024-06-23 18:09:41
530,258,6,5,2024-08-10 23:15:44
531,259,29,10,2024-08-01 09:56:16
532,260,18,10,2025-02-15 19:49:51
533,260,21,74,2025-01-08 07:08:14
534,261,18,14,2024-09-03 22:08:24
535,262,20,68,2025-02-26 18:51:26
536,262,22,33,2025-03-23 09:57:35
537,262,9,76,2024-08-16 14:18:52
538,263,35,1,2025-01-24 02:30:03
539,263,15,15,2025-03-16 11:39:07
540,264,6,4,2024-07-28 03:28:58
541,264,28,10,2025-04-11 13:18:45
542,264,35,80,2025-06-03 16:01:33
543,265,8,91,2024-07-25 19:04:58
544,265,34,4,2024-06-25 16:36:22
545,266,27,1,2024-10-08 06:03:27
546,266,13,8,2025-02-18 16:58:44
547,266,11,13,2025-06-01 06:37:42
548,267,23,25,2024-11-08 04:29:34
549,267,31,9,2025-03-04 11:09:45
550,267,34,3,2024-07-14 01:40:55
551,268,27,6,2025-02-23 13:16:31
552,269,31,29,2025-01-31 09:46:17
553,269,11,25,2024-07-23 12:45:27
554,270,9,2,2025-03-25 10:53:50
555,271,32,8,2025-04-22 20:58:54
556,272,26,23,2025-01-21 14:34:45
557,272,8,52,2024-07-30 12:39:17
558,272,22,22,2025-06-10 15:39:31
559,273,29,29,2025-03-29 03:54:32
560,273,19,31,2024-10-21 03:01:12
561,273,26,2,2024-11-19 18:34:26
562,274,12,11,2024-10-29 15:51:02
563,274,19,11,2024-12-18 02:38:46
564,275,24,8,2024-10-18 22:39:57
565,276,14,12,2025-04-22 14:41:28
566,276,18,3,2025-04-12 15:52:14
567,276,22,17,2024-07-24 20:38:37
568,277,28,2,2025-06-02 05:32:54
569,277,22,23,2025-02-03 10:54:06
570,278,8,49,2025-04-14 23:45:52
571,278,11,22,2025-03-01 15:36:47
572,279,6,1,2024-11-22 08:53:27
573,279,32,6,2025-03-11 07:47:19
574,280,7,40,2025-06-03 22:37:34
575,281,13,41,2024-09-22 22:59:33
576,281,11,17,2025-04-07 11:59:44
577,281,35,41,2024-12-29 21:00:35
578,282,3,4,2024-12-09 21:44:18
579,282,10,59,2024-11-22 09:39:24
580,283,12,15,2025-03-10 07:30:56
581,283,27,8,2024-09-22 08:12:22
582,284,18,2,2025-04-23 09:25:42
583,284,24,4,2025-04-15 17:30:14
584,284,9,26,2024-07-17 23:10:53
585,285,25,17,2025-05-04 07:40:57
586,285,19,30,2024-09-13 09:09:49
587,286,34,4,2024-12-03 01:02:17
588,286,25,52,2025-01-25 05:32:11
589,286,15,39,2024-11-01 17:38:40
590,287,12,14,2024-06-26 19:05:33
591,287,10,57,2025-04-23 02:45:49
592,287,5,1,2024-08-21 17:28:47
593,288,25,22,2024-09-01 18:54:25
594,288,35,69,2025-04-03 17:07:20
595,289,8,80,2024-10-18 14:50:38
596,290,4,5,2025-05-03 20:11:20
597,290,21,41,2025-02-27 09:55:25
598,290,27,8,2024-09-25 05:13:09
599,291,27,1,2024-06-20 00:29:51
600,292,27,8,2025-05-28 14:00:15
601,292,5,1,2024-07-17 13:58:40
602,293,30,12,2025-03-06 07:31:01
603,293,23,28,2024-12-11 18:16:17
604,293,10,18,2025-03-20 05:24:16
605,294,19,23,2025-02-23 13:13:51
606,294,2,1,2025-02-07 05:20:42
607,294,12,19,2024-12-12 13:56:14
608,295,4,38,2025-04-01 22:10:28
609,296,21,38,2024-07-20 07:11:55
610,297,15,15,2024-09-05 05:58:34
611,297,25,22,2025-02-23 23:33:19
612,298,21,23,2024-10-06 03:38:37
613,298,22,19,2025-01-14 17:17:31
614,299,21,30,2024-12-06 04:00:11
615,300,33,3,2024-12-27 05:26:58
616,300,10,2,2024-11-18 17:22:46
617,300,4,20,2025-03-15 18:12:22
618,301,20,30,2024-10-15 03:09:08
619,302,25,36,2025-02-28 00:34:22
620,303,19,25,2024-09-23 06:18:13
621,303,34,4,2024-09-16 03:15:34
622,303,32,6,2024-07-30 09:09:20
623,304,10,46,2024-08-25 15:39:46
624,304,15,26,2024-07-29 23:30:12
625,305,19,24,2024-12-29 00:46:12
626,305,33,6,2025-03-21 16:41:11
627,305,32,7,2024-08-22 22:29:39
628,306,30,23,2024-09-03 08:17:27
629,306,27,3,2024-12-10 03:53:01
630,307,34,4,2025-03-07 23:03:12
631,308,35,16,2025-06-08 00:13:04
632,309,7,17,2024-12-24 22:21:22
633,310,34,3,2024-09-27 16:12:50
634,310,29,9,2024-07-23 00:42:10
635,310,4,14,2024-08-26 05:06:12
636,311,7,44,2024-09-07 09:34:41
637,312,1,22,2024-08-20 20:27:24
638,312,33,18,2024-06-21 11:32:11
639,312,28,9,2024-12-28 09:36:55
640,313,23,20,2024-09-24 12:03:45
641,313,4,33,2025-06-07 03:57:02
642,313,16,36,2025-01-04 10:07:37
643,314,15,32,2025-02-26 00:54:31
644,315,10,91,2024-08-01 10:27:03
645,315,18,13,2025-04-29 12:14:15
646,316,24,10,2024-12-12 14:26:24
647,316,13,19,2025-05-01 01:34:01
648,317,35,83,2025-01-11 23:37:28
649,318,1,26,2024-12-04 18:08:10
650,318,13,41,2024-11-24 04:33:32
651,319,35,55,2024-08-22 15:36:10
652,319,13,3,2024-07-05 01:52:16
653,319,31,28,2025-05-26 00:39:10
654,320,6,3,2024-12-07 19:10:28
655,320,35,58,2025-04-12 13:59:01
656,321,26,15,2024-11-09 16:01:13
657,321,30,23,2024-07-13 08:54:06
658,321,33,9,2025-02-01 05:05:07
659,322,28,8,2024-07-05 21:26:22
660,322,15,24,2024-08-09 19:20:43
661,323,27,6,2025-01-07 21:13:55
662,324,27,8,2024-10-05 06:51:52
663,324,21,11,2025-06-14 07:57:46
664,325,9,12,2024-07-29 13:49:59
665,325,11,20,2025-03-22 12:26:34
666,325,19,25,2025-01-23 18:21:01
667,326,2,50,2025-04-01 02:57:34
668,327,14,11,2024-09-06 17:50:04
669,327,30,17,2024-12-24 04:15:38
670,327,9,45,2024-11-27 20:37:01
671,328,4,19,2024-11-25 00:18:04
672,328,6,4,2025-04-26 11:31:47
673,329,29,58,2025-06-12 21:53:30
674,329,13,3,2024-10-05 20:24:18
675,329,7,31,2025-01-29 03:17:30
676,330,2,69,2025-01-24 23:23:36
677,330,12,1,2025-03-13 14:57:37
678,331,3,3,2025-05-28 09:51:48
679,331,9,37,2024-08-31 04:56:03
680,332,1,18,2024-09-01 09:18:41
681,332,33,13,2025-02-12 12:40:11
682,332,12,6,2024-08-12 16:14:24
683,333,12,4,2024-08-18 19:07:23
684,333,8,32,2024-07-13 17:30:57
685,333,26,8,2024-06-17 06:58:12
686,334,3,3,2024-11-27 20:31:21
687,334,17,23,2025-01-19 04:43:18
688,334,2,46,2024-09-30 16:37:27
689,335,1,8,2024-09-08 20:34:49
690,336,1,25,2025-03-01 12:31:13
691,336,3,5,2025-02-28 01:44:07
692,336,13,8,2024-11-29 03:26:41
693,337,28,9,2025-02-22 08:57:59
694,337,8,11,2025-05-19 18:17:51
695,337,2,31,2025-03-31 01:25:36
696,338,22,31,2025-01-30 14:37:25
697,339,22,27,2025-02-12 19:17:13
698,339,33,15,2025-05-23 07:49:44
699,340,12,2,2024-11-18 14:10:53
700,340,34,1,2025-01-01 05:01:06
701,341,26,6,2025-02-07 20:31:32
702,341,29,16,2025-05-14 02:25:55
703,342,26,22,2025-04-14 05:33:56
704,342,23,25,2024-07-12 09:28:36
705,343,4,26,2024-08-15 21:57:16
706,343,28,8,2024-10-06 15:57:59
707,344,33,8,2025-03-16 20:41:56
708,345,25,32,2025-01-10 05:02:51
709,345,33,9,2024-09-29 17:24:23
710,345,8,23,2024-07-31 17:34:10
711,346,8,10,2025-02-22 20:18:04
712,346,31,29,2025-02-26 21:12:46
713,347,13,35,2025-05-26 14:47:20
714,347,21,32,2024-12-16 02:32:03
715,348,24,5,2024-12-13 16:00:20
716,349,3,9,2024-07-15 16:38:57
717,350,5,3,2024-06-30 20:55:31
718,350,9,4,2024-11-21 02:34:29
719,351,12,20,2024-10-12 00:54:32
720,351,9,53,2024-09-15 18:10:48
721,351,13,39,2024-07-19 16:03:53
722,352,2,18,2025-06-02 15:23:49
723,352,11,28,2025-04-17 15:19:40
724,352,10,72,2025-01-12 09:34:21
725,353,11,20,2025-05-29 13:52:46
726,353,28,5,2025-06-16 09:31:37
727,354,19,33,2025-02-16 20:34:27
728,354,21,70,2024-09-22 17:59:03
729,354,9,63,2024-07-01 00:10:35
730,355,3,3,2025-03-19 12:47:10
731,356,15,26,2024-12-05 03:48:45
732,356,23,11,2025-02-09 06:29:27
733,357,9,40,2025-05-16 21:35:22
734,358,11,23,2024-08-21 14:24:20
735,358,6,4,2025-01-16 02:22:27
736,358,5,2,2025-02-03 03:53:08
737,359,29,34,2024-12-12 21:51:56
738,359,12,5,2024-07-19 15:19:27
739,360,10,55,2024-10-21 09:39:30
740,360,23,18,2024-10-16 01:12:59
741,360,12,6,2025-02-16 01:44:41
742,361,1,15,2025-04-25 14:11:51
743,361,16,2,2024-10-14 18:29:42
744,362,25,37,2025-02-24 16:05:32
745,362,21,20,2024-09-29 13:57:47
746,363,23,7,2025-05-27 12:51:17
747,363,2,41,2025-04-09 11:02:23
748,364,15,47,2025-01-03 05:31:48
749,364,27,5,2024-11-29 10:24:36
750,365,10,7,2024-10-09 04:29:49
751,365,21,14,2024-10-12 09:15:20
752,365,12,8,2025-06-05 15:55:18
753,366,29,15,2024-11-10 22:25:00
754,366,13,41,2024-12-21 06:20:33
755,366,23,28,2025-06-12 05:07:52
756,367,16,4,2025-02-11 12:24:30
757,368,4,5,2024-12-31 11:45:37
758,368,17,16,2024-11-14 05:56:39
759,368,20,4,2024-08-23 19:49:07
760,369,14,17,2024-10-26 10:47:10
761,369,3,9,2025-03-19 14:18:51
762,369,21,63,2025-01-30 17:41:53
763,370,16,35,2025-03-20 21:24:35
764,370,14,13,2024-08-29 15:51:28
765,371,13,22,2025-01-02 21:50:34
766,371,5,3,2025-05-21 03:16:19
767,372,8,32,2024-11-23 07:56:08
768,372,10,90,2025-02-26 08:12:26
769,372,22,8,2024-07-30 15:54:25
770,373,13,39,2025-06-06 17:53:12
771,373,1,25,2025-01-24 16:44:17
772,373,19,5,2024-09-11 17:08:21
773,374,35,45,2024-08-13 03:49:12
774,374,18,15,2025-01-03 12:02:16
775,375,32,6,2025-01-04 00:25:06
776,376,32,12,2024-07-20 08:33:53
777,376,33,11,2025-06-13 17:24:11
778,377,13,5,2025-05-15 18:02:22
779,377,32,6,2024-12-01 20:27:24
780,378,18,17,2024-07-29 05:11:43
781,379,7,1,2025-04-16 05:52:57
782,380,3,10,2024-12-15 08:09:19
783,381,1,19,2025-03-05 01:05:16
784,381,18,11,2024-12-19 04:09:54
785,382,14,7,2024-09-24 04:17:32
786,382,6,2,2025-04-17 04:30:18
787,383,32,10,2025-06-09 08:06:16
788,384,16,36,2024-09-13 08:00:06
789,385,30,2,2025-01-03 15:46:21
790,385,3,4,2024-11-03 09:56:17
791,385,27,7,2025-05-19 00:23:24
792,386,22,8,2024-12-18 22:37:58
793,386,10,66,2025-05-03 11:28:41
794,387,30,7,2025-04-27 21:22:04
795,387,31,33,2024-09-25 05:02:01
796,387,32,3,2025-03-31 20:31:11
797,388,6,2,2024-11-14 20:48:03
798,389,21,62,2025-05-23 12:54:44
799,389,3,6,2024-12-18 18:13:18
800,390,23,20,2025-04-12 00:15:18
801,391,25,61,2024-09-27 14:48:50
802,392,30,22,2024-10-03 08:35:03
803,392,27,7,2025-01-16 16:28:13
804,393,9,7,2025-06-16 03:39:12
805,393,27,6,2024-12-12 03:35:06
806,394,15,38,2024-08-09 14:04:01
807,394,7,30,2024-12-30 00:35:00
808,395,17,30,2024-10-20 08:47:20
809,395,7,46,2025-01-03 21:29:27
810,395,1,14,2024-12-31 19:05:34
811,396,16,24,2024-11-29 14:57:24
812,397,33,14,2024-10-11 20:08:17
813,398,24,27,2024-08-24 05:11:48
814,398,23,18,2025-02-26 01:37:08
815,398,30,5,2025-01-11 03:45:22
816,399,14,2,2024-09-09 14:52:03
817,399,11,24,2025-03-26 13:45:07
818,400,8,8,2024-07-02 06:07:01
819,401,16,32,2025-03-15 07:25:18
820,402,13,20,2025-02-28 21:22:25
821,402,3,6,2025-04-08 16:07:51
822,403,19,10,2024-11-04 07:47:20
823,403,7,66,2025-02-13 17:15:08
824,404,34,1,2025-04-12 01:59:28
825,405,25,39,2025-06-09 13:07:54
826,405,12,4,2024-12-14 05:26:50
827,406,9,70,2024-06-29 20:01:13
828,407,6,3,2024-12-16 18:28:44
829,407,4,32,2025-01-17 20:53:43
830,408,18,14,2025-04-29 23:05:58
831,408,6,2,2025-05-01 14:27:29
832,408,9,76,2024-11-24 03:08:01
833,409,16,1,2024-12-25 09:52:34
834,409,28,2,2024-11-30 04:50:13
835,410,16,4,2025-03-07 04:17:04
836,411,15,33,2024-11-13 01:17:22
837,411,35,86,2025-02-10 11:10:16
838,411,23,21,2024-08-11 16:36:31
839,412,6,1,2024-12-04 18:57:25
840,412,2,19,2025-06-05 07:19:18
841,413,35,78,2024-10-17 23:15:42
842,413,8,80,2025-02-24 07:35:51
843,414,25,2,2025-02-08 15:49:38
844,415,14,5,2025-04-23 09:53:07
845,415,19,22,2025-04-23 14:56:05
846,415,17,33,2025-04-26 04:18:09
847,416,32,5,2024-11-02 02:35:11
848,416,12,14,2024-10-09 23:17:27
849,416,1,2,2025-03-05 19:37:11
850,417,31,10,2025-03-20 16:14:57
851,418,5,4,2025-04-30 22:36:55
852,418,12,16,2024-06-29 10:11:53
853,419,25,8,2024-07-11 07:16:30
854,420,17,36,2025-02-01 20:07:16
855,421,11,25,2025-05-18 16:09:31
856,422,33,15,2025-06-15 14:42:41
857,422,29,35,2025-03-16 01:29:24
858,423,34,5,2024-11-21 19:36:18
859,424,31,11,2024-07-22 06:26:38
860,424,4,30,2025-02-02 18:47:47
861,425,30,6,2025-05-01 00:20:07
862,425,19,32,2024-11-25 08:41:41
863,426,16,21,2025-02-24 18:57:46
864,426,35,2,2025-05-12 06:42:49
865,426,9,15,2024-07-03 02:39:39
866,427,31,10,2025-04-03 02:19:04
867,428,14,11,2024-10-01 11:06:24
868,429,32,8,2024-10-31 05:16:56
869,430,35,71,2024-08-08 11:32:42
870,430,18,16,2024-12-27 07:35:30
871,430,14,14,2025-01-09 00:18:17
872,431,34,1,2025-04-01 18:33:02
873,432,31,15,2024-08-17 09:33:04
874,433,16,31,2024-07-15 03:43:58
875,434,29,7,2025-04-30 09:05:10
876,434,28,7,2025-01-28 15:44:51
877,435,25,56,2024-09-12 06:34:17
878,436,35,17,2025-05-15 17:09:19
879,436,25,13,2024-08-07 14:03:03
880,436,7,62,2024-12-01 17:50:41
881,437,14,15,2024-09-17 01:49:10
882,438,31,1,2024-09-17 13:38:52
883,439,22,17,2024-06-19 17:53:27
884,439,10,86,2025-04-06 04:44:08
885,440,15,8,2025-05-11 11:18:02
886,441,26,6,2025-02-18 19:17:22
887,441,22,6,2024-08-13 00:17:30
888,441,35,23,2024-11-24 15:36:45
889,442,24,6,2024-10-20 12:39:38
890,442,5,2,2025-01-16 22:01:40
891,442,23,12,2025-02-04 16:17:54
892,443,20,53,2024-11-18 06:54:20
893,443,26,19,2024-09-15 15:48:58
894,443,35,64,2025-04-21 01:14:47
895,444,22,29,2024-08-28 01:48:13
896,444,8,5,2024-11-03 19:38:38
897,445,1,26,2024-12-09 19:12:04
898,445,17,2,2024-09-10 22:48:12
899,446,7,26,2025-01-11 04:51:08
900,447,35,56,2025-01-12 06:10:43
901,447,4,41,2025-06-13 21:12:55
902,447,21,29,2024-10-02 03:26:13
903,448,7,68,2025-06-08 11:56:30
904,448,28,5,2025-02-11 17:23:59
905,449,35,75,2024-09-24 13:32:39
906,450,27,1,2025-01-09 00:18:47
907,451,24,6,2025-02-21 19:04:08
908,452,29,50,2025-03-15 07:06:13
909,452,27,2,2024-07-04 05:25:31
910,452,30,22,2025-01-23 19:07:44
911,453,21,11,2024-12-14 17:42:26
912,454,17,20,2025-05-12 13:07:24
913,455,13,41,2024-09-28 20:13:28
914,456,6,2,2025-04-04 02:07:52
915,456,25,52,2025-01-24 00:54:04
916,456,22,15,2024-10-22 23:52:34
917,457,33,10,2025-02-03 19:57:17
918,457,23,10,2025-01-29 02:05:53
919,457,9,60,2025-02-18 20:38:09
920,458,22,31,2025-03-06 15:00:01
921,458,15,13,2025-02-12 01:44:32
922,458,6,2,2025-04-18 12:10:38
923,459,16,23,2025-01-31 18:35:14
924,459,1,2,2025-05-12 06:32:07
925,459,20,17,2025-02-07 09:10:54
926,460,30,25,2024-10-07 03:32:48
927,460,19,1,2024-11-24 07:39:56
928,460,20,49,2025-01-13 23:55:12
929,461,7,64,2025-03-10 19:12:18
930,462,35,63,2024-07-19 05:36:10
931,462,21,54,2024-10-02 02:22:57
932,463,17,36,2025-03-16 07:45:11
933,463,34,1,2024-08-19 11:08:02
934,463,21,12,2024-08-03 13:59:46
935,464,16,7,2024-12-30 07:50:03
936,465,6,4,2025-06-06 03:21:35
937,465,24,36,2024-12-27 04:50:23
938,466,34,2,2025-05-15 22:55:22
939,466,19,2,2025-04-15 15:14:20
940,467,9,38,2024-09-18 04:03:12
941,467,21,51,2025-04-13 12:32:53
942,468,25,43,2024-12-09 07:16:39
943,468,1,15,2025-04-06 20:59:59
944,468,17,21,2025-03-15 23:40:31
945,469,20,74,2024-10-18 00:36:42
946,470,16,38,2024-07-28 09:03:55
947,470,35,63,2025-06-03 00:00:24
948,470,10,87,2024-08-06 17:21:26
949,471,34,3,2025-06-04 07:37:26
950,471,5,1,2025-04-26 11:18:04
951,471,20,70,2025-03-07 19:49:30
952,472,7,41,2025-06-09 05:27:13
953,472,14,9,2025-06-04 14:22:11
954,473,28,7,2025-04-06 04:20:14
955,474,30,26,2024-10-27 21:48:41
956,475,12,7,2025-04-01 02:26:37
957,475,15,32,2024-06-21 09:31:22
958,476,34,4,2024-12-29 06:58:45
959,476,26,12,2024-11-29 10:03:37
960,476,21,76,2025-02-17 01:22:02
961,477,4,5,2025-02-16 21:05:36
962,478,8,62,2025-01-15 19:37:43
963,478,30,8,2025-04-12 16:37:40
964,479,35,5,2025-05-25 17:53:17
965,479,26,23,2024-07-25 21:15:04
966,480,34,3,2024-09-09 17:08:31
967,480,27,4,2024-06-25 10:52:31
968,481,9,78,2025-05-05 06:30:20
969,482,22,32,2025-01-07 08:40:39
970,482,15,13,2025-05-16 14:25:44
971,483,2,50,2024-09-05 03:58:01
972,484,20,66,2024-07-09 09:39:38
973,484,1,9,2025-04-13 05:14:00
974,484,25,3,2025-05-14 10:59:20
975,485,18,8,2024-10-04 16:26:30
976,485,13,28,2024-11-12 10:32:19
977,486,6,5,2024-08-06 08:46:01
978,486,5,2,2025-05-27 22:13:00
979,487,24,42,2024-10-05 11:30:07
980,488,20,60,2024-12-13 05:44:40
981,489,1,10,2024-07-21 19:28:37
982,489,22,27,2025-05-06 09:01:02
983,489,29,7,2024-08-04 20:42:49
984,490,16,21,2024-11-29 00:02:51
985,491,34,3,2025-02-16 04:50:11
986,491,27,8,2025-03-14 17:42:11
987,491,9,22,2025-05-27 19:41:49
988,492,4,33,2024-11-16 09:28:47
989,492,15,42,2025-03-14 10:04:02
990,493,11,26,2024-08-11 18:01:33
991,493,35,91,2024-11-14 20:17:36
992,494,17,46,2024-07-22 11:30:54
993,494,34,5,2024-12-12 01:00:50
994,494,12,10,2024-11-12 08:57:40
995,495,29,46,2025-05-29 20:19:28
996,495,8,64,2024-06-28 06:17:54
997,495,2,25,2024-10-29 15:29:31
998,496,23,11,2024-11-25 06:06:17
999,496,13,20,2025-05-29 11:51:13
1000,497,35,12,2025-04-24 18:11:10
1001,497,25,47,2024-07-22 14:26:02
1002,497,12,3,2025-02-21 18:01:26
1003,498,2,67,2025-01-01 04:10:20
1004,498,9,70,2025-06-08 11:02:53
1005,499,26,2,2024-10-25 07:33:50
1006,500,13,30,2024-11-08 17:30:42
